name,mode,path,matches,returned,preMs,sqlMs,betweenMs,postMs,totalMs,sqlCalls,appRows,opens
coarse_company_zero,count,plain,0,1,0.01999999999998181,0.42630000000008295,0,0.01139999999986685,0.4634000000000924,1,1,0
coarse_company_zero,count,product,0,1,0.9241000000001804,29.23209999999972,0,0.07629999999971915,30.235299999999825,1,1,0
coarse_company_zero,list300,plain,0,0,0.011500000000069122,0.42399999999997817,0,0.013300000000072032,0.459400000000187,1,0,0
coarse_company_zero,list300,product,0,0,1.026299999999992,24.070400000000063,0,0.06750000000010914,25.164200000000164,1,0,0
coarse_rare_and_memo,count,plain,1325,1,0.01999999999998181,1.7644000000000233,0,0.016899999999623105,1.7996000000002823,1,1,0
coarse_rare_and_memo,count,product,1325,1,1.2613000000001193,39.922000000000025,0,0.06799999999975626,41.2512999999999,1,1,0
coarse_rare_and_memo,list300,plain,1325,300,0.039099999999962165,3.074700000000121,0,0.017299999999977445,3.1382000000003245,1,300,0
coarse_rare_and_memo,list300,product,1325,300,2.1750999999994747,28.920900000000074,0,60.788400000000365,91.10570000000007,1,300,1800
coarse_zero_and_memo,count,plain,0,1,0.020300000000133878,0.3996000000006461,0,0.010800000000017462,0.43070000000079744,1,1,0
coarse_zero_and_memo,count,product,0,1,1.115099999999984,21.529199999999946,0,0.06790000000000873,22.831199999999626,1,1,0
coarse_zero_and_memo,list300,plain,0,0,0.020000000000436557,0.5227999999997337,0,0.01330000000052678,0.5542000000004919,1,0,0
coarse_zero_and_memo,list300,product,0,0,2.1234999999996944,37.90360000000055,0,0.058299999999690044,40.271600000000035,1,0,0
exact_common,count,plain,28331,1,0.019900000000234286,7.680599999999686,0,0.03790000000026339,7.746000000000095,1,1,0
exact_common,count,product,28331,1,0.6350000000002183,60.404099999999744,0,0.06530000000020664,61.095900000000256,1,1,0
exact_common,list300,plain,28331,300,0.03790000000026339,1.0730000000003201,0,0.010599999999612919,1.1233999999994921,1,300,0
exact_common,list300,product,28331,300,0.7278000000005704,2.7137000000002445,0,57.22099999999955,60.60909999999967,1,300,1800
exact_common,listAll,plain,28331,28331,0.06139999999868451,47.02590000000055,0,0.027399999999033753,47.12189999999828,1,28331,0
exact_common,listAll,product,28331,28331,1.157999999995809,193.83720000000176,0,5297.1350999999995,5547.5157,1,28331,169986
sub_common_memo,count,plain,40097,1,0.02019999999902211,20.652200000011362,0,0.04109999998763669,20.71140000000014,1,1,0
sub_common_memo,count,product,40097,1,0.8810999999986961,267.48360000000685,0,0.0659999999916181,268.4421000000002,1,1,0
sub_common_memo,list300,plain,40097,300,0.037299999996321276,1.1220999999932246,0,0.012300000002142042,1.1766000000061467,1,300,0
sub_common_memo,list300,product,40097,300,1.6048000000009779,8.331100000010338,0,58.322999999989406,68.18309999999474,1,300,1800
sub_mid,count,plain,16574,1,0.0196999999898253,18.124100000000908,0,0.04110000000218861,18.182300000000396,1,1,0
sub_mid,count,product,16574,1,0.9112000000022817,272.44529999999213,0,0.06260000000474975,273.39319999999134,1,1,0
sub_mid,list300,plain,16574,300,0.035499999998137355,1.3543999999965308,0,0.01029999999445863,1.400999999998021,1,300,0
sub_mid,list300,product,16574,300,1.8945999999996275,28.12170000000333,0,59.79110000000219,89.83580000000075,1,300,1800
sub_rare,count,plain,101,1,0.0102000000042608,18.555399999997462,0,0.03919999999925494,18.612000000008265,1,1,0
sub_rare,count,product,101,1,0.836699999999837,1.9364000000059605,0,0.01849999999103602,2.7888999999995576,1,1,0
sub_rare,list300,plain,101,101,0.03299999999580905,18.80449999999837,0,0.021599999992758967,18.849600000001374,1,101,0
sub_rare,list300,product,101,101,1.672099999996135,6.221099999995204,0,18.587199999994482,26.847999999998137,1,101,606
sub_rare,listAll,plain,101,101,0.03350000000500586,19.071899999995367,0,0.02079999999841675,19.129699999990407,1,101,0
sub_rare,listAll,product,101,101,1.1692999999941094,2.8087999999988824,0,19.07719999999972,22.8127000000095,1,101,606
starts,count,plain,16574,1,0.020000000004074536,7.376600000003236,0,0.03749999999126885,7.433799999998882,1,1,0
starts,count,product,16574,1,0.8165999999910127,139.1661000000022,0,0.05710000000544824,140.0746999999974,1,1,0
starts,list300,plain,16574,300,0.03470000000379514,1.1548000000038883,0,0.00969999999506399,1.2030000000086147,1,300,0
starts,list300,product,16574,300,1.5812999999907333,24.21459999999206,0,54.768599999995786,81.13979999998992,1,300,1800
ends,count,plain,26598,1,0.021200000002863817,15.492700000002515,0,0.03959999998915009,15.553700000004028,1,1,0
ends,count,product,26598,1,1.486399999994319,651.2592000000004,0,0.0639999999984866,652.7066999999952,1,1,0
ends,list300,plain,26598,300,0.0385999999998603,1.1279000000067754,0,0.010899999993853271,1.181399999986752,1,300,0
ends,list300,product,26598,300,3.2964000000065425,11.58980000000156,0,60.32850000000326,75.32270000000426,1,300,1800
and2,count,plain,21176,1,0.02059999998891726,10.184900000007474,0,0.04080000000249129,10.245899999994435,1,1,0
and2,count,product,21176,1,1.108299999992596,272.2871000000014,0,0.06260000000474975,273.445000000007,1,1,0
and2,list300,plain,21176,300,0.037299999996321276,1.4306999999971595,0,0.011299999998300336,1.4892000000108965,1,300,0
and2,list300,product,21176,300,2.175199999997858,102.31750000000466,0,57.558700000008685,164.4985999999917,1,300,1800
and4,count,plain,62,1,0.01870000000053551,6.767200000002049,0,0.0371000000013737,6.832999999998719,1,1,0
and4,count,product,62,1,2.2338999999919906,8.531199999997625,0,0.062099999995552935,10.756399999998393,1,1,0
and4,list300,plain,62,62,0.029499999989639036,6.986900000003516,0,0.017399999996996485,7.031399999992573,1,62,0
and4,list300,product,62,62,3.3533000000024913,13.652900000000955,0,11.340399999986403,28.308799999998882,1,62,372
and6,count,plain,624,1,0.01900000000023283,6.854899999991176,0,0.018900000010035,6.8959000000031665,1,1,0
and6,count,product,624,1,2.3632999999972526,34.986000000004424,0,0.0610000000015134,37.3405999999959,1,1,0
and6,list300,plain,624,300,0.03280000000086147,8.473500000007334,0,0.01900000000023283,8.533400000000256,1,300,0
and6,list300,product,624,300,4.263900000005378,30.342499999998836,0,56.617499999993015,91.75749999999243,1,300,1800
or2,count,plain,28400,1,0.01570000000356231,20.021999999997206,0,0.034599999999045394,20.072299999999814,1,1,0
or2,count,product,28400,1,1.214399999997113,146.4372999999905,0,0.05610000000160653,147.71020000000135,1,1,0
or2,list300,plain,28400,300,0.030299999998533167,1.1229000000021188,0,0.00960000000486616,1.1649999999935972,1,300,0
or2,list300,product,28400,300,1.8800999999948544,5.712599999998929,0,58.99349999999686,66.59900000000198,1,300,1800
or3,count,plain,2,1,0.0062000000034458935,0.2556999999942491,0,0.006699999998090789,0.2684000000008382,1,1,0
or3,count,product,2,1,1.1319000000075903,0.68049999998766,0,0.014400000000023283,1.8291000000026543,1,1,0
or3,list300,plain,2,2,0.011599999997997656,0.48820000000705477,0,0.009500000000116415,0.5112000000081025,1,2,0
or3,list300,product,2,2,2.1379000000015367,3.8993000000045868,0,0.4982000000018161,6.472600000008242,1,2,12
or_and_mix,count,plain,21277,1,0.01639999999315478,22.132800000006682,0,0.037800000005518086,22.18279999999504,1,1,0
or_and_mix,count,product,21277,1,1.4468000000051688,287.72410000000673,0,0.06329999999434222,289.4467000000004,1,1,0
or_and_mix,list300,plain,21277,300,0.028299999990849756,1.524600000004284,0,0.009799999999813735,1.5749000000068918,1,300,0
or_and_mix,list300,product,21277,300,2.4029000000009546,392.5746000000072,0,58.16380000000936,449.8109000000113,1,300,1800
word_boundary,count,plain,29843,1,0.015999999988707714,18.19789999999921,0,0.03470000000379514,18.24899999999616,1,1,0
word_boundary,count,product,29843,1,1.0599000000074739,1172.6477999999915,0,0.05770000000484288,1173.763300000006,1,1,0
word_boundary,list300,plain,29843,300,0.02950000000419095,1.2593000000051688,0,0.017699999996693805,1.3163000000058673,1,300,0
word_boundary,list300,product,29843,300,2.018100000001141,12.210500000001048,0,56.127499999987776,70.35609999998996,1,300,1800
sub45,count,plain,0,1,0.01579999999376014,21.839200000002165,0,0.033799999990151264,21.888300000005984,1,1,0
sub45,count,product,0,1,2.2648000000044703,21.711800000004587,0,0.054199999998672865,24.063399999999092,1,1,0
sub45,list300,plain,0,0,0.01570000000356231,21.311200000011013,0,0.033100000000558794,21.35910000000149,1,0,0
sub45,list300,product,0,0,3.0155999999988126,37.758700000005774,0,0.04899999999906868,40.9997000000003,1,0,0
zero_and_common2,count,plain,0,1,0.015400000003864989,9.2896999999939,0,0.028800000000046566,9.334300000002258,1,1,0
zero_and_common2,count,product,0,1,0.9695999999967171,25.56610000001092,0,0.053200000009383075,26.58770000000368,1,1,0
zero_and_common2,list300,plain,0,0,0.014699999999720603,26.394200000009732,0,0.03190000000176951,26.439099999988684,1,0,0
zero_and_common2,list300,product,0,0,2.0072999999974854,9.502899999992223,0,0.043600000004516914,11.568299999998999,1,0,0
zero_and_common3,count,plain,0,1,0.012300000002142042,9.146200000002864,0,0.027900000000954606,9.181299999996554,1,1,0
zero_and_common3,count,product,0,1,1.2560999999986961,5.327900000003865,0,0.03269999999611173,6.757299999997485,1,1,0
zero_and_common3,list300,plain,0,0,0.015400000003864989,27.134599999990314,0,0.033400000000256114,27.17489999999816,1,0,0
zero_and_common3,list300,product,0,0,2.4492999999929452,8.500599999999395,0,0.04559999999764841,10.955799999996088,1,0,0
zero_fragment,count,plain,0,1,0.014100000000325963,20.389999999999418,0,0.03250000000116415,20.437799999999697,1,1,0
zero_fragment,count,product,0,1,0.7602000000042608,0.6980000000039581,0,0.015400000003864989,1.46480000000156,1,1,0
zero_fragment,list300,plain,0,0,0.012400000006891787,20.383699999991222,0,0.03179999999701977,20.428800000008778,1,0,0
zero_fragment,list300,product,0,0,1.7348999999958323,3.3623999999981606,0,0.01759999999194406,5.136899999997695,1,0,0
zero_fragment_long,count,plain,0,1,0.00960000000486616,21.42280000000028,0,0.03160000000207219,21.467900000003283,1,1,0
zero_fragment_long,count,product,0,1,1.3681000000069616,0.9102999999886379,0,0.01980000000912696,2.417199999996228,1,1,0
zero_fragment_long,list300,plain,0,0,0.012799999996786937,21.172899999990477,0,0.03240000001096632,21.213199999998324,1,0,0
zero_fragment_long,list300,product,0,0,2.134300000005169,3.65219999999681,0,0.023700000005192123,5.729000000006636,1,0,0
zero_or_all,count,plain,0,1,0.007200000007287599,35.25199999999313,0,0.033100000000558794,35.29230000000098,1,1,0
zero_or_all,count,product,0,1,1.569999999992433,0.8193000000028405,0,0.017699999996693805,2.393400000000838,1,1,0
zero_or_all,list300,plain,0,0,0.013500000000931323,35.459600000001956,0,0.03269999999611173,35.5054999999993,1,0,0
zero_or_all,list300,product,0,0,2.692399999999907,5.591100000005099,0,0.025500000003376044,8.32019999998738,1,0,0
exact_zero,count,plain,0,1,0.005000000004656613,0.18240000000514556,0,0.006699999998090789,0.19410000000789296,1,1,0
exact_zero,count,product,0,1,0.42620000000169966,0.413300000000163,0,0.013100000011036173,0.853400000007241,1,1,0
exact_zero,list300,plain,0,0,0.004899999999906868,0.20309999999881256,0,0.006599999993341044,0.21550000000570435,1,0,0
exact_zero,list300,product,0,0,0.5676999999996042,0.43170000000100117,0,0.010900000008405186,1.014999999999418,1,0,0
sub_zero,count,plain,0,1,0.005999999993946403,20.758099999991828,0,0.03380000000470318,20.800900000002002,1,1,0
sub_zero,count,product,0,1,0.6845999999932246,0.7171999999991385,0,0.014100000000325963,1.4222000000008848,1,1,0
sub_zero,list300,plain,0,0,0.012199999997392297,20.575500000006286,0,0.03299999999580905,20.62170000000333,1,0,0
sub_zero,list300,product,0,0,1.5862000000051921,3.425099999993108,0,0.020699999993667006,5.07839999999851,1,0,0
or4,count,plain,28401,1,0.014599999994970858,28.776899999997113,0,0.03700000001117587,28.829299999997602,1,1,0
or4,count,product,28401,1,1.6785000000090804,148.54709999999614,0,0.05770000000484288,150.28480000000854,1,1,0
or4,list300,plain,28401,300,0.0283999999955995,1.1314000000129454,0,0.00999999999476131,1.1754000000073574,1,300,0
or4,list300,product,28401,300,3.0606000000116182,7.125800000008894,0,58.496100000003935,68.93520000000717,1,300,1800
or5,count,plain,40276,1,0.014499999990221113,32.52640000000247,0,0.037800000005518086,32.57869999999821,1,1,0
or5,count,product,40276,1,2.129899999999907,197.52580000000307,0,0.05980000000272412,199.71570000000065,1,1,0
or5,list300,plain,40276,300,0.02800000000570435,1.2014000000053784,0,0.009599999990314245,1.2418000000034226,1,300,0
or5,list300,product,40276,300,3.234600000010687,7.593800000002375,0,59.18039999999746,71.4369000000006,1,300,1800
or6,count,plain,59768,1,0.015000000013969839,34.97500000000582,0,0.035100000008242205,35.023400000005495,1,1,0
or6,count,product,59768,1,2.913699999990058,378.7280000000028,0,0.0545999999740161,381.5709999999963,1,1,0
or6,list300,plain,59768,300,0.02770000000600703,1.1370000000169966,0,0.00789999999688007,1.1742000000085682,1,300,0
or6,list300,product,59768,300,4.129699999990407,8.662000000011176,0,56.521999999997206,69.23509999999078,1,300,1800
and2_or_and2,count,plain,22846,1,0.014000000024680048,22.275599999993574,0,0.0333999999857042,22.32269999998971,1,1,0
and2_or_and2,count,product,22846,1,1.5468000000109896,225.53160000001662,0,0.05700000000069849,227.09410000001662,1,1,0
and2_or_and2,list300,plain,22846,300,0.027000000001862645,1.236800000013318,0,0.00969999999506399,1.274200000014389,1,300,0
and2_or_and2,list300,product,22846,300,2.7568999999784864,47.77790000001551,0,54.97030000001541,105.79370000000927,1,300,1800
or2_and_or2,count,plain,7373,1,0.01620000001275912,23.517699999996694,0,0.033499999990453944,23.566699999995762,1,1,0
or2_and_or2,count,product,7373,1,2.022099999972852,117.62750000000233,0,0.05660000001080334,119.71259999999893,1,1,0
or2_and_or2,list300,plain,7373,300,0.02749999999650754,2.027799999981653,0,0.00990000000456348,2.066099999996368,1,300,0
or2_and_or2,list300,product,7373,300,3.485500000009779,40.35439999998198,0,54.15189999999711,98.00190000000293,1,300,1800
and3_or_rare,count,plain,3629,1,0.014200000005075708,28.343699999997625,0,0.033500000019557774,28.39220000000205,1,1,0
and3_or_rare,count,product,3629,1,1.697600000014063,96.01420000000508,0,0.061199999996460974,97.7730000000156,1,1,0
and3_or_rare,list300,plain,3629,300,0.025800000003073364,3.510100000014063,0,0.010199999989708886,3.553299999999581,1,300,0
and3_or_rare,list300,product,3629,300,2.806799999991199,98.42720000000554,0,58.074099999998,157.98689999998896,1,300,1800
nested3,count,plain,23177,1,0.015699999989010394,30.668899999989662,0,0.033900000009452924,30.722399999998743,1,1,0
nested3,count,product,23177,1,2.20250000001397,303.89909999998054,0,0.05620000002090819,306.1564000000071,1,1,0
nested3,list300,plain,23177,300,0.0268999999971129,1.6045000000158325,0,0.008600000001024455,1.6480000000155997,1,300,0
nested3,list300,product,23177,300,4.573200000013458,124.40779999998631,0,56.03560000000289,184.89449999999488,1,300,1800
exact_mid,count,plain,1770,1,0.014499999990221113,1.6827000000048429,0,0.00930000000516884,1.7072000000043772,1,1,0
exact_mid,count,product,1770,1,0.6299999999755528,39.09149999998044,0,0.055900000006658956,39.7899000000034,1,1,0
exact_mid,list300,plain,1770,300,0.02669999998761341,4.324300000007497,0,0.014100000000325963,4.366799999988871,1,300,0
exact_mid,list300,product,1770,300,0.7592000000004191,9.76469999999972,0,55.08040000000619,66.25740000000224,1,300,1800
exact_one,count,plain,1,1,0.004999999975552782,0.18260000000009313,0,0.006399999983841553,0.1939999999885913,1,1,0
exact_one,count,product,1,1,0.43780000001424924,0.43839999998454005,0,0.013999999995576218,0.9006999999983236,1,1,0
exact_one,list300,plain,1,1,0.007199999992735684,0.2856000000028871,0,0.007400000002235174,0.30090000000200234,1,1,0
exact_one,list300,product,1,1,0.6407999999937601,0.5451999999932013,0,0.2559999999939464,1.4462999999814201,1,1,6
exact_one,listAll,plain,1,1,0.007100000017089769,0.254400000005262,0,0.010199999989708886,0.27179999998770654,1,1,0
exact_one,listAll,product,1,1,0.622300000017276,0.47890000001643784,0,0.2300999999861233,1.3306999999913387,1,1,6
sub2_common,count,plain,30101,1,0.015099999989615753,16.820300000021234,0,0.03359999999520369,16.874900000024354,1,1,0
sub2_common,count,product,30101,1,0.7510999999940395,151.04889999999432,0,0.05340000000433065,151.90239999999176,1,1,0
sub2_common,list300,plain,30101,300,0.026600000011967495,1.0504999999830034,0,0.00869999997667037,1.0859000000054948,1,300,0
sub2_common,list300,product,30101,300,1.535600000002887,6.14770000000135,0,54.948199999984354,62.63819999998668,1,300,1800
sub_mid_space,count,plain,213,1,0.013100000011036173,0.9285000000090804,0,0.014399999985471368,0.9447999999974854,1,1,0
sub_mid_space,count,product,213,1,0.9269999999960419,5.223599999997532,0,0.02449999999953434,6.200400000001537,1,1,0
sub_mid_space,list300,plain,213,213,0.028400000010151416,1.776899999997113,0,0.010199999989708886,1.82039999999688,1,213,0
sub_mid_space,list300,product,213,213,1.8343999999924563,9.670299999997951,0,38.632199999992736,50.20319999998901,1,213,1278
sub_long,count,plain,2440,1,0.014600000024074689,19.847100000013597,0,0.032700000010663643,19.896599999978207,1,1,0
sub_long,count,product,2440,1,1.6077000000223052,105.12950000001001,0,0.05520000000251457,106.64439999999013,1,1,0
sub_long,list300,plain,2440,300,0.02749999999650754,4.168000000005122,0,0.011200000008102506,4.2103000000061,1,300,0
sub_long,list300,product,2440,300,2.3678999999829102,23.52420000001439,0,58.204100000002654,84.11979999998584,1,300,1800
word_inside_longer,count,plain,29843,1,0.01600000000325963,18.54570000001695,0,0.033900000009452924,18.59639999998035,1,1,0
word_inside_longer,count,product,29843,1,0.8910999999789055,1042.8450000000012,0,0.05790000001434237,1043.8366000000096,1,1,0
word_inside_longer,list300,plain,29843,300,0.02790000001550652,1.1160999999847263,0,0.00849999999627471,1.154899999994086,1,300,0
word_inside_longer,list300,product,29843,300,1.7925000000104774,10.819699999992736,0,58.27030000000377,70.75800000000163,1,300,1800
space_memo,count,plain,29843,1,0.01600000000325963,16.771099999983562,0,0.03250000000116415,16.824499999987893,1,1,0
space_memo,count,product,29843,1,0.9949999999953434,605.9103999999934,0,0.05819999999948777,606.9610999999859,1,1,0
space_memo,list300,plain,29843,300,0.02749999999650754,1.1365000000223517,0,0.008600000001024455,1.177800000004936,1,300,0
space_memo,list300,product,29843,300,1.8466000000189524,9.483500000002095,0,56.94209999998566,68.5276999999769,1,300,1800
space_address,count,plain,213,1,0.007199999992735684,0.973599999997532,0,0.00810000000637956,0.989899999985937,1,1,0
space_address,count,product,213,1,0.8870999999926426,5.28169999999227,0,0.022499999991850927,6.3417000000190455,1,1,0
space_address,list300,plain,213,213,0.025599999993573874,1.8251999999920372,0,0.00789999999688007,1.8610000000044238,1,213,0
space_address,list300,product,213,213,1.8158999999868684,9.50879999998142,0,38.47399999998743,49.68439999999828,1,213,1278
space_inside,count,plain,29843,1,0.01580000002286397,19.54739999998128,0,0.03149999998277053,19.600800000014715,1,1,0
space_inside,count,product,29843,1,0.855199999990873,236.3630000000121,0,0.05400000000372529,237.2566999999981,1,1,0
space_inside,list300,plain,29843,300,0.026599999982863665,1.0938000000023749,0,0.008200000011129305,1.140499999979511,1,300,0
space_inside,list300,product,29843,300,1.483700000011595,8.087999999988824,0,55.646999999997206,65.31750000000466,1,300,1800
affix_startsWith_name,count,plain,28023,1,0.015700000018114224,9.87510000000475,0,0.03159999998752028,9.924700000003213,1,1,0
affix_startsWith_name,count,product,28023,1,0.9054999999934807,454.5576000000001,0,0.055699999997159466,455.695699999982,1,1,0
affix_startsWith_name,list300,plain,28023,300,0.026600000011967495,1.0864999999757856,0,0.00789999999688007,1.1215999999840278,1,300,0
affix_startsWith_name,list300,product,28023,300,1.6763000000210013,8.673199999990175,0,55.732500000012806,66.07480000000214,1,300,1800
affix_endsWith_name,count,plain,6,1,0.005200000014156103,0.2076999999990221,0,0.0062000000034458935,0.2193000000261236,1,1,0
affix_endsWith_name,count,product,6,1,0.6432000000204425,0.6846999999834225,0,0.013899999990826473,1.3526999999885447,1,1,0
affix_endsWith_name,list300,plain,6,6,0.00970000002416782,0.3251999999920372,0,0.006399999983841553,0.34229999998933636,1,6,0
affix_endsWith_name,list300,product,6,6,1.5525000000197906,3.2817999999970198,0,1.085800000000745,5.911399999982677,1,6,36
affix_startsWith_phone,count,plain,1251,1,0.014300000009825453,1.2976999999955297,0,0.010600000008707866,1.3212000000057742,1,1,0
affix_startsWith_phone,count,product,1251,1,0.8773999999975786,20.92929999998887,0,0.04920000000856817,21.87599999998929,1,1,0
affix_startsWith_phone,list300,plain,1251,300,0.03220000001601875,2.5274000000208616,0,0.018500000005587935,2.5737000000081025,1,300,0
affix_startsWith_phone,list300,product,1251,300,1.8791999999957625,12.839100000011967,0,55.26170000000275,70.18910000001779,1,300,1800
affix_endsWith_phone,count,plain,110,1,0.007799999992130324,0.5430000000051223,0,0.00950000001466833,0.5609000000113156,1,1,0
affix_endsWith_phone,count,product,110,1,0.8070000000006985,3.513100000011036,0,0.04059999997843988,4.483299999992596,1,1,0
affix_endsWith_phone,list300,plain,110,110,0.024399999994784594,1.0164999999979045,0,0.00829999998677522,1.0498999999836087,1,110,0
affix_endsWith_phone,list300,product,110,110,1.4897000000055414,7.189199999993434,0,19.879300000000512,29.027700000006007,1,110,660
affix_startsWith_address,count,plain,16526,1,0.017300000006798655,7.439400000002934,0,0.03159999998752028,7.490900000004331,1,1,0
affix_startsWith_address,count,product,16526,1,0.8516999999992549,273.9915000000037,0,0.055099999997764826,274.8690999999817,1,1,0
affix_startsWith_address,list300,plain,16526,300,0.026400000002468005,1.1847999999881722,0,0.008200000011129305,1.2194000000017695,1,300,0
affix_startsWith_address,list300,product,16526,300,1.5124999999825377,26.49240000001737,0,56.23740000001271,84.60589999999502,1,300,1800
affix_endsWith_address,count,plain,10038,1,0.015699999989010394,15.796100000006845,0,0.0333999999857042,15.846999999979744,1,1,0
affix_endsWith_address,count,product,10038,1,0.863599999982398,165.15669999999227,0,0.05439999999362044,166.17839999997523,1,1,0
affix_endsWith_address,list300,plain,10038,300,0.026599999982863665,1.621499999979278,0,0.008800000010523945,1.6465000000025611,1,300,0
affix_endsWith_address,list300,product,10038,300,1.6451999999990221,21.55769999997574,0,52.84900000001653,76.03169999999227,1,300,1800
affix_startsWith_memo,count,plain,101,1,0.007699999987380579,0.3533999999926891,0,0.007699999987380579,0.3690000000060536,1,1,0
affix_startsWith_memo,count,product,101,1,0.7407999999995809,2.17870000001858,0,0.022899999981746078,2.8936000000103377,1,1,0
affix_startsWith_memo,list300,plain,101,101,0.022899999981746078,0.8856999999843538,0,0.00829999998677522,0.9199000000080559,1,101,0
affix_startsWith_memo,list300,product,101,101,1.6367000000027474,6.121500000008382,0,18.567700000014156,26.381200000003446,1,101,606
affix_endsWith_memo,count,plain,6,1,0.0062000000034458935,0.24219999997876585,0,0.00909999999566935,0.25339999998686835,1,1,0
affix_endsWith_memo,count,product,6,1,0.6284000000159722,0.7088999999978114,0,0.014499999990221113,1.4120999999868218,1,1,0
affix_endsWith_memo,list300,plain,6,6,0.011599999997997656,0.3887000000104308,0,0.00930000000516884,0.4096000000135973,1,6,0
affix_endsWith_memo,list300,product,6,6,1.512300000002142,3.743799999996554,0,1.1160000000090804,6.3721000000077765,1,6,36
affix_startsWith_email,count,plain,6,1,0.006599999993341044,0.3246999999973923,0,0.00969999999506399,0.3510999999998603,1,1,0
affix_startsWith_email,count,product,6,1,0.7668000000121538,0.996999999973923,0,0.01840000000083819,1.777700000006007,1,1,0
affix_startsWith_email,list300,plain,6,6,0.012999999977182597,0.4149000000033993,0,0.007500000006984919,0.43690000000060536,1,6,0
affix_startsWith_email,list300,product,6,6,1.5179000000061933,3.965600000025006,0,1.1467999999877065,6.619899999990594,1,6,36
affix_endsWith_email,count,plain,100000,1,0.015500000008614734,23.509799999999814,0,0.031199999997625127,23.556300000025658,1,1,0
affix_endsWith_email,count,product,100000,1,0.8315999999758787,486.28429999999935,0,0.053700000018579885,487.19550000000163,1,1,0
affix_endsWith_email,list300,plain,100000,300,0.02550000001792796,1.0331999999762047,0,0.00789999999688007,1.0693000000028405,1,300,0
affix_endsWith_email,list300,product,100000,300,1.6261999999987893,6.777400000020862,0,54.030799999978626,62.43439999999828,1,300,1800
affix_startsWith_company,count,plain,30101,1,0.01639999999315478,10.317399999999907,0,0.03190000000176951,10.358500000002095,1,1,0
affix_startsWith_company,count,product,30101,1,0.8902999999991152,498.77840000001015,0,0.05700000000069849,499.72359999999753,1,1,0
affix_startsWith_company,list300,plain,30101,300,0.030200000008335337,1.0720999999903142,0,0.009599999990314245,1.1083000000216998,1,300,0
affix_startsWith_company,list300,product,30101,300,1.6406000000133645,7.787899999995716,0,55.056400000001304,64.43379999999888,1,300,1800
affix_endsWith_company,count,plain,5883,1,0.015100000018719584,35.36200000002282,0,0.03179999999701977,35.40840000001481,1,1,0
affix_endsWith_company,count,product,5883,1,0.8356000000203494,84.70960000000196,0,0.053899999998975545,85.57740000000922,1,1,0
affix_endsWith_company,list300,plain,5883,300,0.02550000001792796,2.0706000000063796,0,0.01069999998435378,2.110899999999674,1,300,0
affix_endsWith_company,list300,product,5883,300,1.6658999999926891,15.606200000009267,0,60.16019999998389,77.94649999999092,1,300,1800
like_prefix,count,plain,73,1,0.013699999981326982,0.4559000000008382,0,0.007699999987380579,0.47719999999389984,1,1,0
like_prefix,count,product,73,1,0.758399999991525,18.729900000005728,0,0.04290000000037253,19.4997999999905,1,1,0
like_prefix,list300,plain,73,73,0.025399999984074384,0.8270000000193249,0,0.010199999989708886,0.8661000000138301,1,73,0
like_prefix,list300,product,73,73,1.705599999986589,26.543700000009267,0,13.5855000000156,42.195899999991525,1,73,438
like_underscore,count,plain,1,1,0.004799999995157123,0.2684000000008382,0,0.006099999998696148,0.2791000000142958,1,1,0
like_underscore,count,product,1,1,0.6809999999823049,0.682200000010198,0,0.013299999991431832,1.373699999996461,1,1,0
like_underscore,list300,plain,1,1,0.012099999992642552,0.43090000000665896,0,0.006900000007590279,0.4496999999973923,1,1,0
like_underscore,list300,product,1,1,1.7567999999737367,3.8515000000188593,0,0.31930000000284053,5.941499999986263,1,1,6
like_singleton,count,plain,73,1,0.013600000005681068,0.4432999999844469,0,0.00910000002477318,0.46600000001490116,1,1,0
like_singleton,count,product,73,1,0.9427000000141561,28.20329999999376,0,0.04970000000321306,29.198999999993248,1,1,0
like_singleton,list300,plain,73,73,0.02569999999832362,0.7811999999976251,0,0.008200000011129305,0.815600000001723,1,73,0
like_singleton,list300,product,73,73,1.829200000007404,37.87339999998221,0,14.39849999998114,53.107500000012806,1,73,438
respect_words,count,plain,29843,1,0.015099999989615753,20.402600000001257,0,0.03190000000176951,20.448999999993248,1,1,0
respect_words,count,product,29843,1,1.119700000010198,1171.409800000023,0,0.05419999998412095,1172.7253999999957,1,1,0
respect_words,list300,plain,29843,300,0.025800000003073364,1.1189000000013039,0,0.008399999991524965,1.1538000000000466,1,300,0
respect_words,list300,product,29843,300,1.8991000000096392,11.842399999994086,0,55.017599999991944,68.7894999999844,1,300,1800
